{
    "status": "Transaction details",
    "bank": null,
    "customer": null,
    "fundtransfer": [
        {
            "transaction_Id": 2,
            "sender_accountno": 5,
            "recipient_accountno": 4,
            "dateof_transaction": "2021-08-18T16:34:18.101943200",
            "transaction_amount": 10000
        },
        {
            "transaction_Id": 4,
            "sender_accountno": 4,
            "recipient_accountno": 1,
            "dateof_transaction": "2021-08-18T16:35:50.178714900",
            "transaction_amount": 2000
        }
    ]
}